<Map background-color="transparent">
	<Layer name="Lincoln Vector District Colour">
	    <StyleName>raster</StyleName>
	    <Datasource>
	        <Parameter name="type">gdal</Parameter>
	        <Parameter name="file">Lincoln_VectorMap_District_Colour.vrt</Parameter>
            <Parameter name="nodata">0</Parameter>
	    </Datasource>
	</Layer>
	<Style name="raster">
	    <Rule name="rule 1">
	        <RasterSymbolizer opacity="1.0" scaling="bilinear" mode="normal" />
	    </Rule>
	</Style>
</Map>
